model,feature_set,trial_number,state,value,duration_seconds,learning_rate,max_leaf_nodes,max_depth,min_samples_leaf,l2_regularization,max_bins,HistGradientBoostingRegressor_fold_rows,best_cv_mae,best_cv_r2,cv_rmse_std,mean_fit_time,mean_best_iteration
HistGradientBoostingRegressor,Full,0,COMPLETE,0.43580393300732634,48.570665,0.047377279007281566,61,12.0,40,0.3470266988650412,127,"[{'model': 'HistGradientBoostingRegressor', 'feature_set': 'Full', 'trial_number': 0, 'fold': 1, 'rmse': 0.4675873615184383, 'mae': 0.29758787550784654, 'r2': 0.6418466590871448, 'fit_time_seconds': 7.3246368000036455, 'best_iteration': 249}, {'model': 'HistGradientBoostingRegressor', 'feature_set': 'Full', 'trial_number': 0, 'fold': 2, 'rmse': 0.4061136442290037, 'mae': 0.2773966805402636, 'r2': 0.7010905466662338, 'fit_time_seconds': 10.326722300000256, 'best_iteration': 486}, {'model': 'HistGradientBoostingRegressor', 'feature_set': 'Full', 'trial_number': 0, 'fold': 3, 'rmse': 0.45834144382815856, 'mae': 0.2913296225476653, 'r2': 0.6464153611549244, 'fit_time_seconds': 7.744567400004598, 'best_iteration': 329}, {'model': 'HistGradientBoostingRegressor', 'feature_set': 'Full', 'trial_number': 0, 'fold': 4, 'rmse': 0.42569770970821236, 'mae': 0.2789211680308225, 'r2': 0.7039718376933479, 'fit_time_seconds': 13.725913399997808, 'best_iteration': 596}, {'model': 'HistGradientBoostingRegressor', 'feature_set': 'Full', 'trial_number': 0, 'fold': 5, 'rmse': 0.4212795057528186, 'mae': 0.2876127077161852, 'r2': 0.6798900405384773, 'fit_time_seconds': 7.714526199997636, 'best_iteration': 422}]",0.28656961086855665,0.6746428890280256,0.026041955121031756,9.367273220000788,416.4
HistGradientBoostingRegressor,Full,1,COMPLETE,0.44195001627906116,42.768038,0.03261137469244295,23,12.0,17,0.0028888383623653178,255,"[{'model': 'HistGradientBoostingRegressor', 'feature_set': 'Full', 'trial_number': 1, 'fold': 1, 'rmse': 0.4619780111965411, 'mae': 0.29922168444720304, 'r2': 0.6503881951718733, 'fit_time_seconds': 8.030346699997608, 'best_iteration': 590}, {'model': 'HistGradientBoostingRegressor', 'feature_set': 'Full', 'trial_number': 1, 'fold': 2, 'rmse': 0.42313632902132364, 'mae': 0.2984333549862714, 'r2': 0.6755071613202026, 'fit_time_seconds': 6.405197299995052, 'best_iteration': 465}, {'model': 'HistGradientBoostingRegressor', 'feature_set': 'Full', 'trial_number': 1, 'fold': 3, 'rmse': 0.45875792780004004, 'mae': 0.29845388767166603, 'r2': 0.6457724812946916, 'fit_time_seconds': 8.46419149999565, 'best_iteration': 629}, {'model': 'HistGradientBoostingRegressor', 'feature_set': 'Full', 'trial_number': 1, 'fold': 4, 'rmse': 0.436038216457872, 'mae': 0.2932828046662682, 'r2': 0.6894156910033223, 'fit_time_seconds': 9.112250700003642, 'best_iteration': 686}, {'model': 'HistGradientBoostingRegressor', 'feature_set': 'Full', 'trial_number': 1, 'fold': 5, 'rmse': 0.429839596919529, 'mae': 0.2982191476087343, 'r2': 0.6667490758000998, 'fit_time_seconds': 8.99603560000105, 'best_iteration': 651}]",0.2975221758760286,0.6655665209180379,0.017458471672322545,8.201604359998601,604.2
HistGradientBoostingRegressor,Full,2,COMPLETE,0.44248494578741965,50.359676,0.031674063118237505,40,12.0,59,1.1015056790269626,255,"[{'model': 'HistGradientBoostingRegressor', 'feature_set': 'Full', 'trial_number': 2, 'fold': 1, 'rmse': 0.4678565544946618, 'mae': 0.2974659659587742, 'r2': 0.6414341581330012, 'fit_time_seconds': 8.679944700001215, 'best_iteration': 456}, {'model': 'HistGradientBoostingRegressor', 'feature_set': 'Full', 'trial_number': 2, 'fold': 2, 'rmse': 0.41131491001220016, 'mae': 0.28339841254900533, 'r2': 0.6933850020438699, 'fit_time_seconds': 11.467584999998508, 'best_iteration': 643}, {'model': 'HistGradientBoostingRegressor', 'feature_set': 'Full', 'trial_number': 2, 'fold': 3, 'rmse': 0.4657796675368533, 'mae': 0.2993814863270064, 'r2': 0.6348458966009913, 'fit_time_seconds': 8.042609300006006, 'best_iteration': 406}, {'model': 'HistGradientBoostingRegressor', 'feature_set': 'Full', 'trial_number': 2, 'fold': 4, 'rmse': 0.4349865929142373, 'mae': 0.28772351830823, 'r2': 0.6909119997944756, 'fit_time_seconds': 12.924397700000554, 'best_iteration': 712}, {'model': 'HistGradientBoostingRegressor', 'feature_set': 'Full', 'trial_number': 2, 'fold': 5, 'rmse': 0.43248700397914563, 'mae': 0.3011833639056242, 'r2': 0.6626314106393214, 'fit_time_seconds': 7.365201900000102, 'best_iteration': 356}]",0.2938305494097281,0.6646416934423318,0.02405263944049488,9.695947720001277,514.6
HistGradientBoostingRegressor,Full,3,COMPLETE,0.44279807752717903,27.280376,0.05510391929902154,20,6.0,36,0.05414413211338523,127,"[{'model': 'HistGradientBoostingRegressor', 'feature_set': 'Full', 'trial_number': 3, 'fold': 1, 'rmse': 0.4643957242483067, 'mae': 0.30041180055818867, 'r2': 0.6467193070641243, 'fit_time_seconds': 4.567005299999437, 'best_iteration': 473}, {'model': 'HistGradientBoostingRegressor', 'feature_set': 'Full', 'trial_number': 3, 'fold': 2, 'rmse': 0.41687487965676734, 'mae': 0.2911542779867008, 'r2': 0.6850396092735979, 'fit_time_seconds': 4.8875986999992165, 'best_iteration': 532}, {'model': 'HistGradientBoostingRegressor', 'feature_set': 'Full', 'trial_number': 3, 'fold': 3, 'rmse': 0.4646186849767622, 'mae': 0.3002177479728517, 'r2': 0.6366639630859293, 'fit_time_seconds': 4.803024100001494, 'best_iteration': 506}, {'model': 'HistGradientBoostingRegressor', 'feature_set': 'Full', 'trial_number': 3, 'fold': 4, 'rmse': 0.43576163563677867, 'mae': 0.2901764066247528, 'r2': 0.6898095758330088, 'fit_time_seconds': 6.194168100002571, 'best_iteration': 650}, {'model': 'HistGradientBoostingRegressor', 'feature_set': 'Full', 'trial_number': 3, 'fold': 5, 'rmse': 0.43233946311728033, 'mae': 0.30074109381401326, 'r2': 0.6628615547205097, 'fit_time_seconds': 5.2751086999996915, 'best_iteration': 544}]",0.29654026539130146,0.6642188019954339,0.02105649288841734,5.145380980000482,541.0
HistGradientBoostingRegressor,Full,4,COMPLETE,0.442650948777795,12.281731,0.17399186257026641,58,4.0,29,0.002273762810253686,63,"[{'model': 'HistGradientBoostingRegressor', 'feature_set': 'Full', 'trial_number': 4, 'fold': 1, 'rmse': 0.462372270679715, 'mae': 0.3016424762880616, 'r2': 0.6497912118409425, 'fit_time_seconds': 2.2360775000051945, 'best_iteration': 286}, {'model': 'HistGradientBoostingRegressor', 'feature_set': 'Full', 'trial_number': 4, 'fold': 2, 'rmse': 0.4182985594349403, 'mae': 0.29276867779935795, 'r2': 0.6828846777255492, 'fit_time_seconds': 2.687945400000899, 'best_iteration': 367}, {'model': 'HistGradientBoostingRegressor', 'feature_set': 'Full', 'trial_number': 4, 'fold': 3, 'rmse': 0.45788849407350374, 'mae': 0.30028095422187456, 'r2': 0.6471138663480662, 'fit_time_seconds': 2.1514561000003596, 'best_iteration': 289}, {'model': 'HistGradientBoostingRegressor', 'feature_set': 'Full', 'trial_number': 4, 'fold': 4, 'rmse': 0.4387651175229232, 'mae': 0.2969213863778199, 'r2': 0.6855188721931993, 'fit_time_seconds': 2.278237500002433, 'best_iteration': 301}, {'model': 'HistGradientBoostingRegressor', 'feature_set': 'Full', 'trial_number': 4, 'fold': 5, 'rmse': 0.4359303021778927, 'mae': 0.30453133351850104, 'r2': 0.6572380231060428, 'fit_time_seconds': 2.0926689999978407, 'best_iteration': 284}]",0.299228965641123,0.66450933024276,0.017849502557256487,2.289277100001345,305.4
HistGradientBoostingRegressor,Full,5,COMPLETE,0.4433519170050199,24.448543,0.06977921490278444,21,6.0,51,0.3422052903270694,127,"[{'model': 'HistGradientBoostingRegressor', 'feature_set': 'Full', 'trial_number': 5, 'fold': 1, 'rmse': 0.4638518896490392, 'mae': 0.29876467789405575, 'r2': 0.6475462473587497, 'fit_time_seconds': 4.82836369999859, 'best_iteration': 493}, {'model': 'HistGradientBoostingRegressor', 'feature_set': 'Full', 'trial_number': 5, 'fold': 2, 'rmse': 0.41616694283511846, 'mae': 0.2892717917897691, 'r2': 0.6861084322863522, 'fit_time_seconds': 4.853641900001094, 'best_iteration': 505}, {'model': 'HistGradientBoostingRegressor', 'feature_set': 'Full', 'trial_number': 5, 'fold': 3, 'rmse': 0.4660176095998649, 'mae': 0.3029441219894032, 'r2': 0.634472725682065, 'fit_time_seconds': 3.7185248999958276, 'best_iteration': 363}, {'model': 'HistGradientBoostingRegressor', 'feature_set': 'Full', 'trial_number': 5, 'fold': 4, 'rmse': 0.4371728349932976, 'mae': 0.29284395587751993, 'r2': 0.6877972402114629, 'fit_time_seconds': 5.2795729999998, 'best_iteration': 556}, {'model': 'HistGradientBoostingRegressor', 'feature_set': 'Full', 'trial_number': 5, 'fold': 5, 'rmse': 0.43355030794777943, 'mae': 0.3014479604141966, 'r2': 0.660970475932928, 'fit_time_seconds': 4.35311940000247, 'best_iteration': 456}]",0.29705450159298896,0.6633790242943116,0.021255928081633638,4.606644579999556,474.6
HistGradientBoostingRegressor,Full,6,PRUNED,0.44174833658991275,13.645351,0.04565577551981026,20,,47,0.1540945776288154,63,"[{'model': 'HistGradientBoostingRegressor', 'feature_set': 'Full', 'trial_number': 6, 'fold': 1, 'rmse': 0.4678036990511595, 'mae': 0.3011758285604585, 'r2': 0.6415151705111237, 'fit_time_seconds': 5.0156002000003355, 'best_iteration': 499}, {'model': 'HistGradientBoostingRegressor', 'feature_set': 'Full', 'trial_number': 6, 'fold': 2, 'rmse': 0.41569297412866607, 'mae': 0.2895423316594183, 'r2': 0.6868230015896593, 'fit_time_seconds': 7.94268070000544, 'best_iteration': 599}]",,,,,
HistGradientBoostingRegressor,Full,7,COMPLETE,0.4424304318777401,18.05265,0.10334150520046555,52,4.0,15,0.00014359718569878106,63,"[{'model': 'HistGradientBoostingRegressor', 'feature_set': 'Full', 'trial_number': 7, 'fold': 1, 'rmse': 0.45684787794901577, 'mae': 0.2976972678544733, 'r2': 0.6581097604535451, 'fit_time_seconds': 3.611113300001307, 'best_iteration': 505}, {'model': 'HistGradientBoostingRegressor', 'feature_set': 'Full', 'trial_number': 7, 'fold': 2, 'rmse': 0.41443431965672894, 'mae': 0.2878969859813689, 'r2': 0.6887166341181838, 'fit_time_seconds': 4.582804799996666, 'best_iteration': 697}, {'model': 'HistGradientBoostingRegressor', 'feature_set': 'Full', 'trial_number': 7, 'fold': 3, 'rmse': 0.4609830461293355, 'mae': 0.30147215991616333, 'r2': 0.642327921104904, 'fit_time_seconds': 3.1072982999976375, 'best_iteration': 430}, {'model': 'HistGradientBoostingRegressor', 'feature_set': 'Full', 'trial_number': 7, 'fold': 4, 'rmse': 0.4414350125393068, 'mae': 0.29896028110613687, 'r2': 0.681679979126044, 'fit_time_seconds': 2.78209909999714, 'best_iteration': 395}, {'model': 'HistGradientBoostingRegressor', 'feature_set': 'Full', 'trial_number': 7, 'fold': 5, 'rmse': 0.43845190311431365, 'mae': 0.3058754765731499, 'r2': 0.6532612007677661, 'fit_time_seconds': 2.7337996999995084, 'best_iteration': 365}]",0.2983804342862585,0.6648190991140885,0.018389291021263104,3.3634230399984517,478.4
HistGradientBoostingRegressor,Full,8,PRUNED,0.44409177354513674,6.391885,0.16165772756324065,27,4.0,57,1.0979988817809656,127,"[{'model': 'HistGradientBoostingRegressor', 'feature_set': 'Full', 'trial_number': 8, 'fold': 1, 'rmse': 0.4699531935772237, 'mae': 0.30643262815695954, 'r2': 0.6382132235950839, 'fit_time_seconds': 2.38007479999942, 'best_iteration': 298}, {'model': 'HistGradientBoostingRegressor', 'feature_set': 'Full', 'trial_number': 8, 'fold': 2, 'rmse': 0.4182303535130497, 'mae': 0.2905013841224795, 'r2': 0.6829880841515916, 'fit_time_seconds': 3.5949361999955727, 'best_iteration': 498}]",,,,,
HistGradientBoostingRegressor,Full,9,COMPLETE,0.4431178042294534,35.994335,0.030732653152250038,58,6.0,31,1.230477933008369,63,"[{'model': 'HistGradientBoostingRegressor', 'feature_set': 'Full', 'trial_number': 9, 'fold': 1, 'rmse': 0.4610329129640276, 'mae': 0.29520934848170427, 'r2': 0.6518171788577121, 'fit_time_seconds': 8.06460959999822, 'best_iteration': 847}, {'model': 'HistGradientBoostingRegressor', 'feature_set': 'Full', 'trial_number': 9, 'fold': 2, 'rmse': 0.41482042862156426, 'mae': 0.2892477709942769, 'r2': 0.6881363477865451, 'fit_time_seconds': 6.991848300000129, 'best_iteration': 793}, {'model': 'HistGradientBoostingRegressor', 'feature_set': 'Full', 'trial_number': 9, 'fold': 3, 'rmse': 0.4652280994748678, 'mae': 0.3004954639302598, 'r2': 0.635710202639479, 'fit_time_seconds': 5.927270400003181, 'best_iteration': 653}, {'model': 'HistGradientBoostingRegressor', 'feature_set': 'Full', 'trial_number': 9, 'fold': 4, 'rmse': 0.4419736058041883, 'mae': 0.296408822987593, 'r2': 0.6809027430474767, 'fit_time_seconds': 6.426824000001943, 'best_iteration': 710}, {'model': 'HistGradientBoostingRegressor', 'feature_set': 'Full', 'trial_number': 9, 'fold': 5, 'rmse': 0.4325339742826189, 'mae': 0.3011338615810637, 'r2': 0.6625581267469789, 'fit_time_seconds': 6.4885186000028625, 'best_iteration': 695}]",0.2964990535949795,0.6638249198156383,0.020759843385035812,6.779814180001267,739.6
HistGradientBoostingRegressor,Full,10,COMPLETE,0.44213172368147413,61.303283,0.021725885808605197,38,10.0,41,7.41723469678005,127,"[{'model': 'HistGradientBoostingRegressor', 'feature_set': 'Full', 'trial_number': 10, 'fold': 1, 'rmse': 0.466740822208508, 'mae': 0.2978195090052666, 'r2': 0.6431423161232405, 'fit_time_seconds': 10.955825099998037, 'best_iteration': 739}, {'model': 'HistGradientBoostingRegressor', 'feature_set': 'Full', 'trial_number': 10, 'fold': 2, 'rmse': 0.4105422733651675, 'mae': 0.2830586289819131, 'r2': 0.6945358452217039, 'fit_time_seconds': 13.831236199999694, 'best_iteration': 964}, {'model': 'HistGradientBoostingRegressor', 'feature_set': 'Full', 'trial_number': 10, 'fold': 3, 'rmse': 0.46251628166259734, 'mae': 0.29618111392258656, 'r2': 0.639944720548891, 'fit_time_seconds': 11.1820030999952, 'best_iteration': 800}, {'model': 'HistGradientBoostingRegressor', 'feature_set': 'Full', 'trial_number': 10, 'fold': 4, 'rmse': 0.4397521641768975, 'mae': 0.2935907922803556, 'r2': 0.6841023662807462, 'fit_time_seconds': 11.623013500000525, 'best_iteration': 666}, {'model': 'HistGradientBoostingRegressor', 'feature_set': 'Full', 'trial_number': 10, 'fold': 5, 'rmse': 0.43110707699420014, 'mae': 0.299486750387011, 'r2': 0.6647808454912693, 'fit_time_seconds': 10.925338699998974, 'best_iteration': 663}]",0.29402735891542653,0.6653012187331703,0.023163745615187543,11.703483319998487,766.4
HistGradientBoostingRegressor,Full,11,COMPLETE,0.434223827895062,68.102286,0.03657278398374695,45,12.0,10,0.007237458608909047,255,"[{'model': 'HistGradientBoostingRegressor', 'feature_set': 'Full', 'trial_number': 11, 'fold': 1, 'rmse': 0.45842348176365616, 'mae': 0.29193189354806853, 'r2': 0.6557474314883213, 'fit_time_seconds': 9.337997100003122, 'best_iteration': 394}, {'model': 'HistGradientBoostingRegressor', 'feature_set': 'Full', 'trial_number': 11, 'fold': 2, 'rmse': 0.40755875670435354, 'mae': 0.2794832387790319, 'r2': 0.6989594864361127, 'fit_time_seconds': 13.64074100000289, 'best_iteration': 581}, {'model': 'HistGradientBoostingRegressor', 'feature_set': 'Full', 'trial_number': 11, 'fold': 3, 'rmse': 0.4553636168656508, 'mae': 0.29303092319559393, 'r2': 0.6509948881188805, 'fit_time_seconds': 11.008948200003942, 'best_iteration': 407}, {'model': 'HistGradientBoostingRegressor', 'feature_set': 'Full', 'trial_number': 11, 'fold': 4, 'rmse': 0.42823850150309833, 'mae': 0.2851422639501744, 'r2': 0.7004275831043139, 'fit_time_seconds': 15.431037399997876, 'best_iteration': 610}, {'model': 'HistGradientBoostingRegressor', 'feature_set': 'Full', 'trial_number': 11, 'fold': 5, 'rmse': 0.42153478263855115, 'mae': 0.28663007176119903, 'r2': 0.679501977835282, 'fit_time_seconds': 16.069227500003763, 'best_iteration': 555}]",0.2872436782468135,0.6771262733965822,0.02202484930837473,13.097590240002319,509.4
HistGradientBoostingRegressor,Full,12,COMPLETE,0.43349564924914075,30.346125,0.07818708481854529,45,12.0,22,0.013966605696822424,255,"[{'model': 'HistGradientBoostingRegressor', 'feature_set': 'Full', 'trial_number': 12, 'fold': 1, 'rmse': 0.45707170373327993, 'mae': 0.2920644351611368, 'r2': 0.6577746703697278, 'fit_time_seconds': 4.5646091000016895, 'best_iteration': 183}, {'model': 'HistGradientBoostingRegressor', 'feature_set': 'Full', 'trial_number': 12, 'fold': 2, 'rmse': 0.40967954053367406, 'mae': 0.27935736855036225, 'r2': 0.6958183297351408, 'fit_time_seconds': 7.094477200000256, 'best_iteration': 343}, {'model': 'HistGradientBoostingRegressor', 'feature_set': 'Full', 'trial_number': 12, 'fold': 3, 'rmse': 0.4509522998788083, 'mae': 0.2900275679316387, 'r2': 0.6577240814473154, 'fit_time_seconds': 5.379119500001252, 'best_iteration': 246}, {'model': 'HistGradientBoostingRegressor', 'feature_set': 'Full', 'trial_number': 12, 'fold': 4, 'rmse': 0.4312787884845096, 'mae': 0.28639171937792884, 'r2': 0.6961588441323312, 'fit_time_seconds': 5.290215699998953, 'best_iteration': 244}, {'model': 'HistGradientBoostingRegressor', 'feature_set': 'Full', 'trial_number': 12, 'fold': 5, 'rmse': 0.41849591361543204, 'mae': 0.2842264255606962, 'r2': 0.6841062995408758, 'fit_time_seconds': 6.9004763000048115, 'best_iteration': 336}]",0.2864135033163525,0.6783164450450782,0.020357299497497282,5.845779560001392,270.4
HistGradientBoostingRegressor,Full,13,COMPLETE,0.4333665654807848,28.348022,0.0962658887696009,46,8.0,10,0.009872765960935385,255,"[{'model': 'HistGradientBoostingRegressor', 'feature_set': 'Full', 'trial_number': 13, 'fold': 1, 'rmse': 0.4527887727403994, 'mae': 0.2863137634045738, 'r2': 0.6641581776160803, 'fit_time_seconds': 5.1931729999996605, 'best_iteration': 244}, {'model': 'HistGradientBoostingRegressor', 'feature_set': 'Full', 'trial_number': 13, 'fold': 2, 'rmse': 0.41022884401666615, 'mae': 0.2811671097451125, 'r2': 0.6950020816618216, 'fit_time_seconds': 4.336952799996652, 'best_iteration': 205}, {'model': 'HistGradientBoostingRegressor', 'feature_set': 'Full', 'trial_number': 13, 'fold': 3, 'rmse': 0.4515151438730957, 'mae': 0.2906910049550166, 'r2': 0.6568691432670415, 'fit_time_seconds': 4.937152899998182, 'best_iteration': 251}, {'model': 'HistGradientBoostingRegressor', 'feature_set': 'Full', 'trial_number': 13, 'fold': 4, 'rmse': 0.4302085397321816, 'mae': 0.28498328479360313, 'r2': 0.6976649795654398, 'fit_time_seconds': 6.228155800003151, 'best_iteration': 311}, {'model': 'HistGradientBoostingRegressor', 'feature_set': 'Full', 'trial_number': 13, 'fold': 5, 'rmse': 0.4220915270415809, 'mae': 0.2842862039771128, 'r2': 0.6786548196779889, 'fit_time_seconds': 6.650368899994646, 'best_iteration': 368}]",0.28548827337508376,0.6784698403576745,0.018567759729452984,5.469160679998458,275.8
HistGradientBoostingRegressor,Full,14,COMPLETE,0.43279569324052236,24.663552,0.09967628259024731,48,8.0,21,0.014865000290427435,255,"[{'model': 'HistGradientBoostingRegressor', 'feature_set': 'Full', 'trial_number': 14, 'fold': 1, 'rmse': 0.44992890958257115, 'mae': 0.2866467017809774, 'r2': 0.6683872067889473, 'fit_time_seconds': 5.037515999996685, 'best_iteration': 265}, {'model': 'HistGradientBoostingRegressor', 'feature_set': 'Full', 'trial_number': 14, 'fold': 2, 'rmse': 0.4087352099802988, 'mae': 0.2807843234059668, 'r2': 0.6972190195744564, 'fit_time_seconds': 5.029152399998566, 'best_iteration': 260}, {'model': 'HistGradientBoostingRegressor', 'feature_set': 'Full', 'trial_number': 14, 'fold': 3, 'rmse': 0.4565759784368349, 'mae': 0.2934680006706042, 'r2': 0.6491340295494066, 'fit_time_seconds': 3.365671799998381, 'best_iteration': 176}, {'model': 'HistGradientBoostingRegressor', 'feature_set': 'Full', 'trial_number': 14, 'fold': 4, 'rmse': 0.42781940391045575, 'mae': 0.28400127299444505, 'r2': 0.7010136520505652, 'fit_time_seconds': 5.650655699995696, 'best_iteration': 322}, {'model': 'HistGradientBoostingRegressor', 'feature_set': 'Full', 'trial_number': 14, 'fold': 5, 'rmse': 0.42091896429245135, 'mae': 0.2872383096795156, 'r2': 0.6804377221800912, 'fit_time_seconds': 4.514790400004131, 'best_iteration': 257}]",0.28642772170630176,0.6792383260286934,0.02002358651040936,4.719557259998692,256.0
HistGradientBoostingRegressor,Full,15,COMPLETE,0.43510639776462706,21.190093,0.1184011322804717,35,8.0,23,0.00039159521785763385,255,"[{'model': 'HistGradientBoostingRegressor', 'feature_set': 'Full', 'trial_number': 15, 'fold': 1, 'rmse': 0.4530316945410641, 'mae': 0.2892942760957923, 'r2': 0.6637977217482607, 'fit_time_seconds': 4.007245700006024, 'best_iteration': 235}, {'model': 'HistGradientBoostingRegressor', 'feature_set': 'Full', 'trial_number': 15, 'fold': 2, 'rmse': 0.4113787131235063, 'mae': 0.2839902784814589, 'r2': 0.6932898705148604, 'fit_time_seconds': 4.031748499997775, 'best_iteration': 221}, {'model': 'HistGradientBoostingRegressor', 'feature_set': 'Full', 'trial_number': 15, 'fold': 3, 'rmse': 0.4539771226485891, 'mae': 0.29182154607588956, 'r2': 0.6531169587905308, 'fit_time_seconds': 3.467831000001752, 'best_iteration': 204}, {'model': 'HistGradientBoostingRegressor', 'feature_set': 'Full', 'trial_number': 15, 'fold': 4, 'rmse': 0.43385587169713996, 'mae': 0.28825649307156825, 'r2': 0.6925168222114961, 'fit_time_seconds': 4.790991699999722, 'best_iteration': 300}, {'model': 'HistGradientBoostingRegressor', 'feature_set': 'Full', 'trial_number': 15, 'fold': 5, 'rmse': 0.42328858681283593, 'mae': 0.2901594544450309, 'r2': 0.6768295527474769, 'fit_time_seconds': 3.9734387999997125, 'best_iteration': 242}]",0.288704409633948,0.675910185202525,0.018585263057969776,4.054251140000997,240.4
HistGradientBoostingRegressor,Full,16,COMPLETE,0.4314809654711934,25.328824,0.10736551835543885,51,8.0,10,0.030312474076317323,255,"[{'model': 'HistGradientBoostingRegressor', 'feature_set': 'Full', 'trial_number': 16, 'fold': 1, 'rmse': 0.45077272618518255, 'mae': 0.28587952466135796, 'r2': 0.6671421977737382, 'fit_time_seconds': 4.594021600001724, 'best_iteration': 218}, {'model': 'HistGradientBoostingRegressor', 'feature_set': 'Full', 'trial_number': 16, 'fold': 2, 'rmse': 0.40846600094699215, 'mae': 0.27856455531802593, 'r2': 0.6976177350741775, 'fit_time_seconds': 5.56849610000063, 'best_iteration': 273}, {'model': 'HistGradientBoostingRegressor', 'feature_set': 'Full', 'trial_number': 16, 'fold': 3, 'rmse': 0.4508897068800807, 'mae': 0.2911596575450113, 'r2': 0.6578190918920559, 'fit_time_seconds': 3.9051249000040116, 'best_iteration': 185}, {'model': 'HistGradientBoostingRegressor', 'feature_set': 'Full', 'trial_number': 16, 'fold': 4, 'rmse': 0.42766963988208256, 'mae': 0.2832086738395127, 'r2': 0.7012229439247436, 'fit_time_seconds': 5.461994600002072, 'best_iteration': 271}, {'model': 'HistGradientBoostingRegressor', 'feature_set': 'Full', 'trial_number': 16, 'fold': 5, 'rmse': 0.41960675346162907, 'mae': 0.2840405710306237, 'r2': 0.6824270811026676, 'fit_time_seconds': 4.885782099998323, 'best_iteration': 248}]",0.28457059647890637,0.6812458099534766,0.018934644043177875,4.883083860001352,239.0
HistGradientBoostingRegressor,Full,17,COMPLETE,0.4341046203113125,21.862679,0.13838071684263883,53,8.0,22,0.035340849738866975,255,"[{'model': 'HistGradientBoostingRegressor', 'feature_set': 'Full', 'trial_number': 17, 'fold': 1, 'rmse': 0.45236048373887167, 'mae': 0.28694215926691086, 'r2': 0.6647932169111155, 'fit_time_seconds': 3.9376991000026464, 'best_iteration': 198}, {'model': 'HistGradientBoostingRegressor', 'feature_set': 'Full', 'trial_number': 17, 'fold': 2, 'rmse': 0.4094758470508369, 'mae': 0.28037379359548054, 'r2': 0.6961207340020314, 'fit_time_seconds': 4.78700299999764, 'best_iteration': 247}, {'model': 'HistGradientBoostingRegressor', 'feature_set': 'Full', 'trial_number': 17, 'fold': 3, 'rmse': 0.4517077242703413, 'mae': 0.2922321190145372, 'r2': 0.6565763762585144, 'fit_time_seconds': 3.190129700000398, 'best_iteration': 172}, {'model': 'HistGradientBoostingRegressor', 'feature_set': 'Full', 'trial_number': 17, 'fold': 4, 'rmse': 0.4307134919661636, 'mae': 0.2852458555464233, 'r2': 0.69695483867283, 'fit_time_seconds': 4.810241799998039, 'best_iteration': 256}, {'model': 'HistGradientBoostingRegressor', 'feature_set': 'Full', 'trial_number': 17, 'fold': 5, 'rmse': 0.42626555453034914, 'mae': 0.2890718861586202, 'r2': 0.6722678843863702, 'fit_time_seconds': 4.238097399997059, 'best_iteration': 233}]",0.2867731627163944,0.6773426100461724,0.018184285761101038,4.192634199999157,221.2
HistGradientBoostingRegressor,Full,18,COMPLETE,0.43205077677521064,33.859449,0.07781293340711606,51,8.0,16,0.0017300166788758523,255,"[{'model': 'HistGradientBoostingRegressor', 'feature_set': 'Full', 'trial_number': 18, 'fold': 1, 'rmse': 0.44929874738979897, 'mae': 0.28577233107333055, 'r2': 0.6693154579006422, 'fit_time_seconds': 5.691280600003665, 'best_iteration': 286}, {'model': 'HistGradientBoostingRegressor', 'feature_set': 'Full', 'trial_number': 18, 'fold': 2, 'rmse': 0.40696005104342836, 'mae': 0.2789461607674719, 'r2': 0.6998432965562971, 'fit_time_seconds': 6.534520299996075, 'best_iteration': 359}, {'model': 'HistGradientBoostingRegressor', 'feature_set': 'Full', 'trial_number': 18, 'fold': 3, 'rmse': 0.45274164202888, 'mae': 0.2925862637140471, 'r2': 0.6550024463580837, 'fit_time_seconds': 4.590412400000787, 'best_iteration': 230}, {'model': 'HistGradientBoostingRegressor', 'feature_set': 'Full', 'trial_number': 18, 'fold': 4, 'rmse': 0.43321152856116124, 'mae': 0.2885261656359598, 'r2': 0.6934294642433081, 'fit_time_seconds': 6.769638199999463, 'best_iteration': 257}, {'model': 'HistGradientBoostingRegressor', 'feature_set': 'Full', 'trial_number': 18, 'fold': 5, 'rmse': 0.41804191485278447, 'mae': 0.283314111692913, 'r2': 0.6847913124813667, 'fit_time_seconds': 9.126897399997688, 'best_iteration': 424}]",0.2858290065767445,0.6804763955079395,0.019702439379965846,6.542549779999535,311.2
HistGradientBoostingRegressor,Full,19,PRUNED,0.43728726481188546,10.540214,0.06464119116970263,31,8.0,14,0.0007109581564134806,255,"[{'model': 'HistGradientBoostingRegressor', 'feature_set': 'Full', 'trial_number': 19, 'fold': 1, 'rmse': 0.4584898515344327, 'mae': 0.29507004596568137, 'r2': 0.6556477436716409, 'fit_time_seconds': 4.9351010999962455, 'best_iteration': 294}, {'model': 'HistGradientBoostingRegressor', 'feature_set': 'Full', 'trial_number': 19, 'fold': 2, 'rmse': 0.4160846780893382, 'mae': 0.2890578632049724, 'r2': 0.6862325154616025, 'fit_time_seconds': 5.1508430000030785, 'best_iteration': 322}]",,,,,
HistGradientBoostingRegressor,Full,20,COMPLETE,0.432749822280056,32.549471,0.08204242711940066,63,10.0,27,0.001293396807098531,255,"[{'model': 'HistGradientBoostingRegressor', 'feature_set': 'Full', 'trial_number': 20, 'fold': 1, 'rmse': 0.4576738174566264, 'mae': 0.2895399330784738, 'r2': 0.6568724299150829, 'fit_time_seconds': 4.627573999998276, 'best_iteration': 188}, {'model': 'HistGradientBoostingRegressor', 'feature_set': 'Full', 'trial_number': 20, 'fold': 2, 'rmse': 0.406524752557854, 'mae': 0.27667247698007175, 'r2': 0.7004850690353903, 'fit_time_seconds': 7.817116699996404, 'best_iteration': 379}, {'model': 'HistGradientBoostingRegressor', 'feature_set': 'Full', 'trial_number': 20, 'fold': 3, 'rmse': 0.4507604933638975, 'mae': 0.28849677612425834, 'r2': 0.6580151844720021, 'fit_time_seconds': 5.942435899996781, 'best_iteration': 260}, {'model': 'HistGradientBoostingRegressor', 'feature_set': 'Full', 'trial_number': 20, 'fold': 4, 'rmse': 0.42831104032744005, 'mae': 0.2820445405038616, 'r2': 0.7003260860585612, 'fit_time_seconds': 6.697756599998684, 'best_iteration': 305}, {'model': 'HistGradientBoostingRegressor', 'feature_set': 'Full', 'trial_number': 20, 'fold': 5, 'rmse': 0.42047900769446184, 'mae': 0.2870181533724437, 'r2': 0.6811054044102387, 'fit_time_seconds': 6.082615400002396, 'best_iteration': 274}]",0.2847543760118218,0.679360834778255,0.021234522399875666,6.233499719998508,281.2
HistGradientBoostingRegressor,Full,21,COMPLETE,0.4336413832022618,31.066481,0.08584583533936334,54,10.0,28,0.0010498381355442154,255,"[{'model': 'HistGradientBoostingRegressor', 'feature_set': 'Full', 'trial_number': 21, 'fold': 1, 'rmse': 0.45449038205353176, 'mae': 0.2871783056853139, 'r2': 0.6616292041934629, 'fit_time_seconds': 5.8894705000057, 'best_iteration': 256}, {'model': 'HistGradientBoostingRegressor', 'feature_set': 'Full', 'trial_number': 21, 'fold': 2, 'rmse': 0.40816711315159904, 'mae': 0.2788514333344206, 'r2': 0.698060098952352, 'fit_time_seconds': 7.287706799994339, 'best_iteration': 358}, {'model': 'HistGradientBoostingRegressor', 'feature_set': 'Full', 'trial_number': 21, 'fold': 3, 'rmse': 0.44840977408967503, 'mae': 0.2862995773597782, 'r2': 0.6615727903851785, 'fit_time_seconds': 6.798371699995187, 'best_iteration': 324}, {'model': 'HistGradientBoostingRegressor', 'feature_set': 'Full', 'trial_number': 21, 'fold': 4, 'rmse': 0.43420307830074845, 'mae': 0.28805970007579834, 'r2': 0.6920244794042696, 'fit_time_seconds': 4.501723400004266, 'best_iteration': 170}, {'model': 'HistGradientBoostingRegressor', 'feature_set': 'Full', 'trial_number': 21, 'fold': 5, 'rmse': 0.4229365684157549, 'mae': 0.2895887032090764, 'r2': 0.6773668440546028, 'fit_time_seconds': 5.082125699998869, 'best_iteration': 247}]",0.2859955439328775,0.6781306833979732,0.018819093483181254,5.911879619999672,271.0
HistGradientBoostingRegressor,Full,22,COMPLETE,0.43091310218574624,22.743987,0.1297654508115098,62,10.0,16,0.00012014180876116077,255,"[{'model': 'HistGradientBoostingRegressor', 'feature_set': 'Full', 'trial_number': 22, 'fold': 1, 'rmse': 0.44491589341473897, 'mae': 0.2812311305448431, 'r2': 0.6757355647516645, 'fit_time_seconds': 5.248848800001724, 'best_iteration': 208}, {'model': 'HistGradientBoostingRegressor', 'feature_set': 'Full', 'trial_number': 22, 'fold': 2, 'rmse': 0.40618995507918776, 'mae': 0.2787876579250039, 'r2': 0.70097820285362, 'fit_time_seconds': 4.440893799997866, 'best_iteration': 161}, {'model': 'HistGradientBoostingRegressor', 'feature_set': 'Full', 'trial_number': 22, 'fold': 3, 'rmse': 0.4501122044929269, 'mae': 0.28857138536968346, 'r2': 0.6589981699994314, 'fit_time_seconds': 3.7713680999950157, 'best_iteration': 139}, {'model': 'HistGradientBoostingRegressor', 'feature_set': 'Full', 'trial_number': 22, 'fold': 4, 'rmse': 0.427993625802903, 'mae': 0.28275297365682084, 'r2': 0.7007700886533056, 'fit_time_seconds': 5.031022199997096, 'best_iteration': 205}, {'model': 'HistGradientBoostingRegressor', 'feature_set': 'Full', 'trial_number': 22, 'fold': 5, 'rmse': 0.42535383213897454, 'mae': 0.2916159272252387, 'r2': 0.6736683314013696, 'fit_time_seconds': 3.5119283000021824, 'best_iteration': 127}]",0.284591814944318,0.6820300715318781,0.017430910190375803,4.400812239998777,168.0
HistGradientBoostingRegressor,Full,23,COMPLETE,0.4306175265223572,29.245905,0.1317609852838106,57,,17,0.00011515414867394198,255,"[{'model': 'HistGradientBoostingRegressor', 'feature_set': 'Full', 'trial_number': 23, 'fold': 1, 'rmse': 0.4516838997322033, 'mae': 0.2864531089292258, 'r2': 0.665795187464957, 'fit_time_seconds': 5.187100900002406, 'best_iteration': 154}, {'model': 'HistGradientBoostingRegressor', 'feature_set': 'Full', 'trial_number': 23, 'fold': 2, 'rmse': 0.4084425712760949, 'mae': 0.278343220570386, 'r2': 0.6976524234631534, 'fit_time_seconds': 5.112424099999771, 'best_iteration': 194}, {'model': 'HistGradientBoostingRegressor', 'feature_set': 'Full', 'trial_number': 23, 'fold': 3, 'rmse': 0.4447194934067504, 'mae': 0.28507996803481245, 'r2': 0.6671201823533333, 'fit_time_seconds': 5.685507199996209, 'best_iteration': 201}, {'model': 'HistGradientBoostingRegressor', 'feature_set': 'Full', 'trial_number': 23, 'fold': 4, 'rmse': 0.4278415442838397, 'mae': 0.2821996036534677, 'r2': 0.7009827051575104, 'fit_time_seconds': 5.773128399996494, 'best_iteration': 208}, {'model': 'HistGradientBoostingRegressor', 'feature_set': 'Full', 'trial_number': 23, 'fold': 5, 'rmse': 0.42040012391289755, 'mae': 0.2818845530905234, 'r2': 0.6812250453507207, 'fit_time_seconds': 6.67019540000183, 'best_iteration': 247}]",0.2827920908556831,0.6825551087579349,0.017652815525229515,5.685671199999343,200.8
HistGradientBoostingRegressor,Full,24,COMPLETE,0.43448212267262853,19.590012,0.19602307235886512,57,,10,0.00012066753157236745,255,"[{'model': 'HistGradientBoostingRegressor', 'feature_set': 'Full', 'trial_number': 24, 'fold': 1, 'rmse': 0.4523172504716807, 'mae': 0.28708204013948774, 'r2': 0.6648572870163317, 'fit_time_seconds': 3.9379337999998825, 'best_iteration': 139}, {'model': 'HistGradientBoostingRegressor', 'feature_set': 'Full', 'trial_number': 24, 'fold': 2, 'rmse': 0.4103531233271841, 'mae': 0.28099109831619207, 'r2': 0.6948172547135214, 'fit_time_seconds': 3.2537265999999363, 'best_iteration': 105}, {'model': 'HistGradientBoostingRegressor', 'feature_set': 'Full', 'trial_number': 24, 'fold': 3, 'rmse': 0.455467128946798, 'mae': 0.2917578965480623, 'r2': 0.6508362002036143, 'fit_time_seconds': 3.0720834999956423, 'best_iteration': 108}, {'model': 'HistGradientBoostingRegressor', 'feature_set': 'Full', 'trial_number': 24, 'fold': 4, 'rmse': 0.43037338345190945, 'mae': 0.28283183911173126, 'r2': 0.6974332427539686, 'fit_time_seconds': 4.828179299998737, 'best_iteration': 170}, {'model': 'HistGradientBoostingRegressor', 'feature_set': 'Full', 'trial_number': 24, 'fold': 5, 'rmse': 0.4238997271655706, 'mae': 0.2877427875225403, 'r2': 0.6758956977678008, 'fit_time_seconds': 3.938073400000576, 'best_iteration': 137}]",0.28608113232760274,0.6767679364910475,0.019167287979782045,3.805999319998955,131.8
HistGradientBoostingRegressor,Full,25,COMPLETE,0.4317783950794426,32.047902,0.13157155904481768,63,,18,0.0001822843444066853,255,"[{'model': 'HistGradientBoostingRegressor', 'feature_set': 'Full', 'trial_number': 25, 'fold': 1, 'rmse': 0.4522408304541237, 'mae': 0.2844345792416928, 'r2': 0.6649705236811455, 'fit_time_seconds': 5.302328900004795, 'best_iteration': 175}, {'model': 'HistGradientBoostingRegressor', 'feature_set': 'Full', 'trial_number': 25, 'fold': 2, 'rmse': 0.4067161508310481, 'mae': 0.2767180304942243, 'r2': 0.7002029699240052, 'fit_time_seconds': 5.533287199999904, 'best_iteration': 194}, {'model': 'HistGradientBoostingRegressor', 'feature_set': 'Full', 'trial_number': 25, 'fold': 3, 'rmse': 0.44824251763922685, 'mae': 0.2857037424757317, 'r2': 0.661825209402066, 'fit_time_seconds': 5.375386300001992, 'best_iteration': 184}, {'model': 'HistGradientBoostingRegressor', 'feature_set': 'Full', 'trial_number': 25, 'fold': 4, 'rmse': 0.430466461112198, 'mae': 0.2815522998718836, 'r2': 0.6973023552396607, 'fit_time_seconds': 6.468140400000266, 'best_iteration': 239}, {'model': 'HistGradientBoostingRegressor', 'feature_set': 'Full', 'trial_number': 25, 'fold': 5, 'rmse': 0.42122601536061627, 'mae': 0.28597388192144646, 'r2': 0.6799713249114099, 'fit_time_seconds': 8.448398799999268, 'best_iteration': 187}]",0.28287650680099574,0.6808544766316574,0.018914072593954268,6.225508320001245,195.8
HistGradientBoostingRegressor,Full,26,PRUNED,0.4439115681939846,5.607551,0.14693002580429504,15,10.0,14,0.0003664609191512708,255,"[{'model': 'HistGradientBoostingRegressor', 'feature_set': 'Full', 'trial_number': 26, 'fold': 1, 'rmse': 0.47293036257648524, 'mae': 0.3100554687482443, 'r2': 0.6336148417858158, 'fit_time_seconds': 2.053660799996578, 'best_iteration': 152}, {'model': 'HistGradientBoostingRegressor', 'feature_set': 'Full', 'trial_number': 26, 'fold': 2, 'rmse': 0.414892773811484, 'mae': 0.28862499459064456, 'r2': 0.6880275594964929, 'fit_time_seconds': 3.2481119000003673, 'best_iteration': 297}]",,,,,
HistGradientBoostingRegressor,Full,27,COMPLETE,0.43191763441738634,25.139769,0.11306107685664318,56,,19,0.00033756328556339696,255,"[{'model': 'HistGradientBoostingRegressor', 'feature_set': 'Full', 'trial_number': 27, 'fold': 1, 'rmse': 0.4540046360009606, 'mae': 0.2888811217196363, 'r2': 0.6623520993395546, 'fit_time_seconds': 4.271961599995848, 'best_iteration': 147}, {'model': 'HistGradientBoostingRegressor', 'feature_set': 'Full', 'trial_number': 27, 'fold': 2, 'rmse': 0.4062391941313662, 'mae': 0.2798143246439447, 'r2': 0.7009057025758796, 'fit_time_seconds': 4.5098016999982065, 'best_iteration': 164}, {'model': 'HistGradientBoostingRegressor', 'feature_set': 'Full', 'trial_number': 27, 'fold': 3, 'rmse': 0.4455644589394996, 'mae': 0.28262145727081817, 'r2': 0.6658540396070346, 'fit_time_seconds': 6.062145399999281, 'best_iteration': 237}, {'model': 'HistGradientBoostingRegressor', 'feature_set': 'Full', 'trial_number': 27, 'fold': 4, 'rmse': 0.431245168093753, 'mae': 0.28664408221103715, 'r2': 0.6962062142348964, 'fit_time_seconds': 5.358699500000512, 'best_iteration': 164}, {'model': 'HistGradientBoostingRegressor', 'feature_set': 'Full', 'trial_number': 27, 'fold': 5, 'rmse': 0.4225347149213523, 'mae': 0.28964711439570134, 'r2': 0.6779796530509552, 'fit_time_seconds': 4.162618700000166, 'best_iteration': 146}]",0.2855216200482275,0.6806595417616641,0.01885434395065458,4.8730453799988025,171.6
HistGradientBoostingRegressor,Full,28,COMPLETE,0.4323649030530807,15.71638,0.12829420286433874,49,10.0,13,0.0045867548000532365,63,"[{'model': 'HistGradientBoostingRegressor', 'feature_set': 'Full', 'trial_number': 28, 'fold': 1, 'rmse': 0.45428795645609465, 'mae': 0.2891962506642645, 'r2': 0.6619305511953661, 'fit_time_seconds': 2.906281700001273, 'best_iteration': 166}, {'model': 'HistGradientBoostingRegressor', 'feature_set': 'Full', 'trial_number': 28, 'fold': 2, 'rmse': 0.4072475753343234, 'mae': 0.27996679137770053, 'r2': 0.6994190149584338, 'fit_time_seconds': 3.017755399996531, 'best_iteration': 181}, {'model': 'HistGradientBoostingRegressor', 'feature_set': 'Full', 'trial_number': 28, 'fold': 3, 'rmse': 0.4463150619233116, 'mae': 0.2912899023759173, 'r2': 0.6647272791154154, 'fit_time_seconds': 2.597209200001089, 'best_iteration': 140}, {'model': 'HistGradientBoostingRegressor', 'feature_set': 'Full', 'trial_number': 28, 'fold': 4, 'rmse': 0.4294447750540685, 'mae': 0.2847239043733585, 'r2': 0.698737519110119, 'fit_time_seconds': 3.562376800000493, 'best_iteration': 218}, {'model': 'HistGradientBoostingRegressor', 'feature_set': 'Full', 'trial_number': 28, 'fold': 5, 'rmse': 0.4245291464976053, 'mae': 0.2893531244387475, 'r2': 0.6749325031667013, 'fit_time_seconds': 2.9409862000029534, 'best_iteration': 169}]",0.28690599464599764,0.679949373509207,0.01854746332436615,3.0049218600004677,174.8
HistGradientBoostingRegressor,Full,29,PRUNED,0.4321682392300093,8.036499,0.18200967745113314,60,,25,8.200535647863873,255,"[{'model': 'HistGradientBoostingRegressor', 'feature_set': 'Full', 'trial_number': 29, 'fold': 1, 'rmse': 0.45669643982912955, 'mae': 0.28859066736300915, 'r2': 0.6583363857099378, 'fit_time_seconds': 3.33973960000003, 'best_iteration': 104}, {'model': 'HistGradientBoostingRegressor', 'feature_set': 'Full', 'trial_number': 29, 'fold': 2, 'rmse': 0.40764003863088905, 'mae': 0.28083988230010093, 'r2': 0.6988393977739442, 'fit_time_seconds': 4.41706449999765, 'best_iteration': 151}]",,,,,
