model,feature_set,trial_number,state,value,duration_seconds,learning_rate,max_depth,min_child_weight,subsample,colsample_bytree,gamma,reg_alpha,reg_lambda,XGBRegressor_fold_rows,best_cv_mae,best_cv_r2,cv_rmse_std,mean_fit_time,mean_best_iteration
XGBRegressor,Selected,0,COMPLETE,0.43423754592631425,62.743015,0.02757359293934948,10,11,0.8394633936788146,0.6624074561769746,0.7799726016810132,3.3323645788192616e-08,5.314343038625026,"[{'model': 'XGBRegressor', 'feature_set': 'Selected', 'trial_number': 0, 'fold': 1, 'rmse': 0.43003399850558055, 'mae': 0.2957437572039298, 'r2': 0.6902400427455343, 'fit_time_seconds': 16.411738000002515, 'best_iteration': 1219, 'best_n_estimators': 1220}, {'model': 'XGBRegressor', 'feature_set': 'Selected', 'trial_number': 0, 'fold': 2, 'rmse': 0.41695067690136756, 'mae': 0.28719232298728703, 'r2': 0.6915816174724436, 'fit_time_seconds': 13.435682500006806, 'best_iteration': 1179, 'best_n_estimators': 1180}, {'model': 'XGBRegressor', 'feature_set': 'Selected', 'trial_number': 0, 'fold': 3, 'rmse': 0.43210618128553485, 'mae': 0.2915459871833277, 'r2': 0.6695005723393661, 'fit_time_seconds': 9.571907999998075, 'best_iteration': 802, 'best_n_estimators': 803}, {'model': 'XGBRegressor', 'feature_set': 'Selected', 'trial_number': 0, 'fold': 4, 'rmse': 0.45736242305859504, 'mae': 0.2975620915923732, 'r2': 0.6490531181148131, 'fit_time_seconds': 12.616690800001379, 'best_iteration': 1078, 'best_n_estimators': 1079}, {'model': 'XGBRegressor', 'feature_set': 'Selected', 'trial_number': 0, 'fold': 5, 'rmse': 0.4347344498804934, 'mae': 0.2922474561901685, 'r2': 0.6679978258858953, 'fit_time_seconds': 10.124041100003524, 'best_iteration': 578, 'best_n_estimators': 579}]",0.29285832303141723,0.6736746353116105,0.01462921069947679,12.43201208000246,971.2
XGBRegressor,Selected,1,COMPLETE,0.44413343665734945,25.415397,0.05092911283433821,8,1,0.9879639408647978,0.9329770563201687,1.0616955533913808,4.329370014459266e-07,0.006149337057087106,"[{'model': 'XGBRegressor', 'feature_set': 'Selected', 'trial_number': 1, 'fold': 1, 'rmse': 0.4417153396643724, 'mae': 0.3055676422934264, 'r2': 0.6731829887066341, 'fit_time_seconds': 6.031388199997309, 'best_iteration': 491, 'best_n_estimators': 492}, {'model': 'XGBRegressor', 'feature_set': 'Selected', 'trial_number': 1, 'fold': 2, 'rmse': 0.4364295271290597, 'mae': 0.30088856519994256, 'r2': 0.6620914817481607, 'fit_time_seconds': 3.596040999997058, 'best_iteration': 228, 'best_n_estimators': 229}, {'model': 'XGBRegressor', 'feature_set': 'Selected', 'trial_number': 1, 'fold': 3, 'rmse': 0.4429165470099645, 'mae': 0.30409568710673757, 'r2': 0.6527569478923791, 'fit_time_seconds': 3.7634418000016012, 'best_iteration': 248, 'best_n_estimators': 249}, {'model': 'XGBRegressor', 'feature_set': 'Selected', 'trial_number': 1, 'fold': 4, 'rmse': 0.46385894922224274, 'mae': 0.30952848850929804, 'r2': 0.639012380346583, 'fit_time_seconds': 7.253789599999436, 'best_iteration': 625, 'best_n_estimators': 626}, {'model': 'XGBRegressor', 'feature_set': 'Selected', 'trial_number': 1, 'fold': 5, 'rmse': 0.4357468202611079, 'mae': 0.30033135624836516, 'r2': 0.6664497520315052, 'fit_time_seconds': 4.450424999995448, 'best_iteration': 320, 'best_n_estimators': 321}]",0.3040823478715539,0.6586987101450524,0.011468537570532938,5.01901711999817,382.4
XGBRegressor,Selected,2,COMPLETE,0.4303212670786489,68.908203,0.02279379523765072,7,7,0.7164916560792167,0.8447411578889518,0.6974693032602092,4.258943089524393e-06,0.037647251670546285,"[{'model': 'XGBRegressor', 'feature_set': 'Selected', 'trial_number': 2, 'fold': 1, 'rmse': 0.4238166263003023, 'mae': 0.2917772254717743, 'r2': 0.699132227121416, 'fit_time_seconds': 15.86625329999515, 'best_iteration': 1372, 'best_n_estimators': 1373}, {'model': 'XGBRegressor', 'feature_set': 'Selected', 'trial_number': 2, 'fold': 2, 'rmse': 0.4145239732973989, 'mae': 0.2861633236938948, 'r2': 0.6951612350909229, 'fit_time_seconds': 14.479619899997488, 'best_iteration': 1136, 'best_n_estimators': 1137}, {'model': 'XGBRegressor', 'feature_set': 'Selected', 'trial_number': 2, 'fold': 3, 'rmse': 0.4329635379571764, 'mae': 0.293108650597538, 'r2': 0.6681877607683935, 'fit_time_seconds': 12.550379899999825, 'best_iteration': 1069, 'best_n_estimators': 1070}, {'model': 'XGBRegressor', 'feature_set': 'Selected', 'trial_number': 2, 'fold': 4, 'rmse': 0.4511349688621581, 'mae': 0.2962715201324609, 'r2': 0.658545050913646, 'fit_time_seconds': 13.065689700000803, 'best_iteration': 1106, 'best_n_estimators': 1107}, {'model': 'XGBRegressor', 'feature_set': 'Selected', 'trial_number': 2, 'fold': 5, 'rmse': 0.42916722897620885, 'mae': 0.2904336768835065, 'r2': 0.6764466367245159, 'fit_time_seconds': 12.301017500001763, 'best_iteration': 827, 'best_n_estimators': 828}]",0.2915508793558349,0.6794945821237789,0.013540572585166975,13.652592059999005,1102.0
XGBRegressor,Selected,3,COMPLETE,0.4150171981864347,79.401213,0.03438586247938296,9,3,0.8056937753654446,0.836965827544817,0.23225206359998862,0.0029369981104377003,0.00541289211202473,"[{'model': 'XGBRegressor', 'feature_set': 'Selected', 'trial_number': 3, 'fold': 1, 'rmse': 0.4134121511102397, 'mae': 0.2784189177997877, 'r2': 0.7137231921878664, 'fit_time_seconds': 10.716947499997332, 'best_iteration': 717, 'best_n_estimators': 718}, {'model': 'XGBRegressor', 'feature_set': 'Selected', 'trial_number': 3, 'fold': 2, 'rmse': 0.4049686523317174, 'mae': 0.2702885691840764, 'r2': 0.7090531213326273, 'fit_time_seconds': 11.124788999994053, 'best_iteration': 689, 'best_n_estimators': 690}, {'model': 'XGBRegressor', 'feature_set': 'Selected', 'trial_number': 3, 'fold': 3, 'rmse': 0.417135879061574, 'mae': 0.27651945522301474, 'r2': 0.692004162885121, 'fit_time_seconds': 18.552377899999556, 'best_iteration': 891, 'best_n_estimators': 892}, {'model': 'XGBRegressor', 'feature_set': 'Selected', 'trial_number': 3, 'fold': 4, 'rmse': 0.42907131304099677, 'mae': 0.2775240444578718, 'r2': 0.6911273980131483, 'fit_time_seconds': 21.88246639999852, 'best_iteration': 1512, 'best_n_estimators': 1513}, {'model': 'XGBRegressor', 'feature_set': 'Selected', 'trial_number': 3, 'fold': 5, 'rmse': 0.4104979953876453, 'mae': 0.2729573260641115, 'r2': 0.7039841976454846, 'fit_time_seconds': 16.40968029999931, 'best_iteration': 964, 'best_n_estimators': 965}]",0.27514166254577244,0.7019784144128496,0.00902745253163437,15.737252219997753,954.6
XGBRegressor,Selected,4,COMPLETE,0.4283008178778799,121.525814,0.011926324174062874,10,15,0.9233589392465844,0.7218455076693483,0.48836057003191935,0.014391207615728067,0.07818241443918982,"[{'model': 'XGBRegressor', 'feature_set': 'Selected', 'trial_number': 4, 'fold': 1, 'rmse': 0.42420846448147664, 'mae': 0.28919580518098303, 'r2': 0.6985756374472132, 'fit_time_seconds': 31.498141100004432, 'best_iteration': 1999, 'best_n_estimators': 2000}, {'model': 'XGBRegressor', 'feature_set': 'Selected', 'trial_number': 4, 'fold': 2, 'rmse': 0.4114846813311069, 'mae': 0.2806470363686941, 'r2': 0.6996150063523046, 'fit_time_seconds': 22.066582800005563, 'best_iteration': 1480, 'best_n_estimators': 1481}, {'model': 'XGBRegressor', 'feature_set': 'Selected', 'trial_number': 4, 'fold': 3, 'rmse': 0.42789971890663475, 'mae': 0.2872210152529363, 'r2': 0.675903936393705, 'fit_time_seconds': 19.93109589999949, 'best_iteration': 1297, 'best_n_estimators': 1298}, {'model': 'XGBRegressor', 'feature_set': 'Selected', 'trial_number': 4, 'fold': 4, 'rmse': 0.45078701568240087, 'mae': 0.29159593286923885, 'r2': 0.6590715652617717, 'fit_time_seconds': 26.770187500005704, 'best_iteration': 1930, 'best_n_estimators': 1931}, {'model': 'XGBRegressor', 'feature_set': 'Selected', 'trial_number': 4, 'fold': 5, 'rmse': 0.4271242089877798, 'mae': 0.28608157864683204, 'r2': 0.6795198098860786, 'fit_time_seconds': 20.215416099999857, 'best_iteration': 1465, 'best_n_estimators': 1466}]",0.2869482736637369,0.6825371910682146,0.014201269179635044,24.09628468000301,1634.2
XGBRegressor,Selected,5,PRUNED,0.4587177401465867,29.499815,0.013916438390377948,6,1,0.9637281608315128,0.7035119926400067,3.31261142176991,6.388511557344611e-06,0.17251551495698952,"[{'model': 'XGBRegressor', 'feature_set': 'Selected', 'trial_number': 5, 'fold': 1, 'rmse': 0.46390571537543024, 'mae': 0.32837194140752934, 'r2': 0.6395216907865802, 'fit_time_seconds': 12.449685100000352, 'best_iteration': 760, 'best_n_estimators': 761}, {'model': 'XGBRegressor', 'feature_set': 'Selected', 'trial_number': 5, 'fold': 2, 'rmse': 0.45352976491774327, 'mae': 0.32282847409757576, 'r2': 0.6350927614196438, 'fit_time_seconds': 16.817228799998702, 'best_iteration': 1144, 'best_n_estimators': 1145}]",,,,,
XGBRegressor,Selected,6,PRUNED,0.472984239182911,22.422567,0.04395225692486303,4,15,0.9100531293444458,0.9757995766256756,4.474136752138244,0.002404915432737351,9.225899874801096,"[{'model': 'XGBRegressor', 'feature_set': 'Selected', 'trial_number': 6, 'fold': 1, 'rmse': 0.47953247624279394, 'mae': 0.3418793645441056, 'r2': 0.6148270842696238, 'fit_time_seconds': 10.352037399999972, 'best_iteration': 658, 'best_n_estimators': 659}, {'model': 'XGBRegressor', 'feature_set': 'Selected', 'trial_number': 6, 'fold': 2, 'rmse': 0.46643600212302805, 'mae': 0.33449684519996115, 'r2': 0.6140286958205059, 'fit_time_seconds': 11.880992899998091, 'best_iteration': 849, 'best_n_estimators': 850}]",,,,,
XGBRegressor,Selected,7,PRUNED,0.4454472759563505,53.316085,0.012707942999213693,4,1,0.7301321323053057,0.7554709158757928,1.3567451588694794,0.28749982347407854,0.03422998896745789,"[{'model': 'XGBRegressor', 'feature_set': 'Selected', 'trial_number': 7, 'fold': 1, 'rmse': 0.4478751670550401, 'mae': 0.3150701798143974, 'r2': 0.6640043479258224, 'fit_time_seconds': 26.190433399999165, 'best_iteration': 1999, 'best_n_estimators': 2000}, {'model': 'XGBRegressor', 'feature_set': 'Selected', 'trial_number': 7, 'fold': 2, 'rmse': 0.4430193848576609, 'mae': 0.3111097048461841, 'r2': 0.6518099565739213, 'fit_time_seconds': 26.771595099999104, 'best_iteration': 1998, 'best_n_estimators': 1999}]",,,,,
XGBRegressor,Selected,8,PRUNED,0.4670232110948564,27.566344,0.02139954903017622,7,3,0.9208787923016158,0.6298202574719083,4.9344346830025865,0.08916674715636537,0.007156194022692475,"[{'model': 'XGBRegressor', 'feature_set': 'Selected', 'trial_number': 8, 'fold': 1, 'rmse': 0.4723915240701537, 'mae': 0.33664528751172496, 'r2': 0.62621326550008, 'fit_time_seconds': 10.10382430000027, 'best_iteration': 753, 'best_n_estimators': 754}, {'model': 'XGBRegressor', 'feature_set': 'Selected', 'trial_number': 8, 'fold': 2, 'rmse': 0.46165489811955907, 'mae': 0.3295471196220419, 'r2': 0.6219007775483678, 'fit_time_seconds': 17.216631600000255, 'best_iteration': 1084, 'best_n_estimators': 1085}]",,,,,
XGBRegressor,Selected,9,COMPLETE,0.42424307403016465,148.399021,0.010150665434429315,9,11,0.8916028672163949,0.9085081386743783,0.3702232586704518,1.683416412018213e-05,0.0031503318255412553,"[{'model': 'XGBRegressor', 'feature_set': 'Selected', 'trial_number': 9, 'fold': 1, 'rmse': 0.4186705266387229, 'mae': 0.28459444185798766, 'r2': 0.7063943094965112, 'fit_time_seconds': 26.3324672000017, 'best_iteration': 1841, 'best_n_estimators': 1842}, {'model': 'XGBRegressor', 'feature_set': 'Selected', 'trial_number': 9, 'fold': 2, 'rmse': 0.40903901686760696, 'mae': 0.2781524250504438, 'r2': 0.7031750792481435, 'fit_time_seconds': 27.465576900001906, 'best_iteration': 1997, 'best_n_estimators': 1998}, {'model': 'XGBRegressor', 'feature_set': 'Selected', 'trial_number': 9, 'fold': 3, 'rmse': 0.42667493484371694, 'mae': 0.28464456377192215, 'r2': 0.6777566115942126, 'fit_time_seconds': 29.981445099998382, 'best_iteration': 1999, 'best_n_estimators': 2000}, {'model': 'XGBRegressor', 'feature_set': 'Selected', 'trial_number': 9, 'fold': 4, 'rmse': 0.4456067954481387, 'mae': 0.2883431403336991, 'r2': 0.6668621041781085, 'fit_time_seconds': 31.750953100003244, 'best_iteration': 1997, 'best_n_estimators': 1998}, {'model': 'XGBRegressor', 'feature_set': 'Selected', 'trial_number': 9, 'fold': 5, 'rmse': 0.4212240963526377, 'mae': 0.28177224290985053, 'r2': 0.6883126122927393, 'fit_time_seconds': 31.427286600002844, 'best_iteration': 1997, 'best_n_estimators': 1998}]",0.28350136278478066,0.688500143361943,0.013543018539923865,29.391545780001614,1966.2
XGBRegressor,Selected,10,PRUNED,0.46590931285309944,10.821096,0.13192467951559464,3,6,0.6071847502459279,0.8083907402029188,2.2646904032072945,4.3444691085504035,0.9281161710775688,"[{'model': 'XGBRegressor', 'feature_set': 'Selected', 'trial_number': 10, 'fold': 1, 'rmse': 0.47217581911485046, 'mae': 0.3375356806816065, 'r2': 0.6265545469944369, 'fit_time_seconds': 4.5155892000038875, 'best_iteration': 389, 'best_n_estimators': 390}, {'model': 'XGBRegressor', 'feature_set': 'Selected', 'trial_number': 10, 'fold': 2, 'rmse': 0.4596428065913484, 'mae': 0.3282427974343856, 'r2': 0.6251894347799349, 'fit_time_seconds': 6.163600100000622, 'best_iteration': 520, 'best_n_estimators': 521}]",,,,,
XGBRegressor,Selected,11,COMPLETE,0.4185037799740544,28.164977,0.10872684973353254,9,10,0.8173629367805869,0.886588474674238,0.1723790182206642,0.0002630142290222788,0.0011676495014079735,"[{'model': 'XGBRegressor', 'feature_set': 'Selected', 'trial_number': 11, 'fold': 1, 'rmse': 0.41599876083047005, 'mae': 0.2814775631009593, 'r2': 0.710129669913413, 'fit_time_seconds': 5.9143945000032545, 'best_iteration': 392, 'best_n_estimators': 393}, {'model': 'XGBRegressor', 'feature_set': 'Selected', 'trial_number': 11, 'fold': 2, 'rmse': 0.4062151826178489, 'mae': 0.2724968189403696, 'r2': 0.7072592428893292, 'fit_time_seconds': 5.194463299994823, 'best_iteration': 275, 'best_n_estimators': 276}, {'model': 'XGBRegressor', 'feature_set': 'Selected', 'trial_number': 11, 'fold': 3, 'rmse': 0.42093157837831313, 'mae': 0.2783775416010112, 'r2': 0.6863734869533241, 'fit_time_seconds': 6.427359200002684, 'best_iteration': 445, 'best_n_estimators': 446}, {'model': 'XGBRegressor', 'feature_set': 'Selected', 'trial_number': 11, 'fold': 4, 'rmse': 0.43534517322219357, 'mae': 0.2808102765362966, 'r2': 0.6820287198183512, 'fit_time_seconds': 4.239935100005823, 'best_iteration': 224, 'best_n_estimators': 225}, {'model': 'XGBRegressor', 'feature_set': 'Selected', 'trial_number': 11, 'fold': 5, 'rmse': 0.4140282048214465, 'mae': 0.2737400958647416, 'r2': 0.6988709391792769, 'fit_time_seconds': 5.971905999998853, 'best_iteration': 338, 'best_n_estimators': 339}]",0.2773804592086756,0.696932411750739,0.010803266293921199,5.549611620001087,334.8
XGBRegressor,Selected,12,COMPLETE,0.4189286431947313,36.653577,0.14603392252199635,9,7,0.8072636662657275,0.8560882778664998,0.03725473704636664,0.0010415190793183887,0.0015292060481363336,"[{'model': 'XGBRegressor', 'feature_set': 'Selected', 'trial_number': 12, 'fold': 1, 'rmse': 0.4138690214502355, 'mae': 0.27458881051160144, 'r2': 0.7130901016882236, 'fit_time_seconds': 6.291330900006869, 'best_iteration': 279, 'best_n_estimators': 280}, {'model': 'XGBRegressor', 'feature_set': 'Selected', 'trial_number': 12, 'fold': 2, 'rmse': 0.4044219788472022, 'mae': 0.2691881845793397, 'r2': 0.7098380985847326, 'fit_time_seconds': 6.500671299996611, 'best_iteration': 225, 'best_n_estimators': 226}, {'model': 'XGBRegressor', 'feature_set': 'Selected', 'trial_number': 12, 'fold': 3, 'rmse': 0.4201723055136356, 'mae': 0.27406168713366175, 'r2': 0.6875039002864207, 'fit_time_seconds': 7.981039999998757, 'best_iteration': 229, 'best_n_estimators': 230}, {'model': 'XGBRegressor', 'feature_set': 'Selected', 'trial_number': 12, 'fold': 4, 'rmse': 0.43531560074965336, 'mae': 0.2765121052263769, 'r2': 0.6820719171622347, 'fit_time_seconds': 9.120871099999931, 'best_iteration': 430, 'best_n_estimators': 431}, {'model': 'XGBRegressor', 'feature_set': 'Selected', 'trial_number': 12, 'fold': 5, 'rmse': 0.4208643094129297, 'mae': 0.27418575885850466, 'r2': 0.6888448380600485, 'fit_time_seconds': 6.290652799994859, 'best_iteration': 226, 'best_n_estimators': 227}]",0.2737073092618969,0.696269771156332,0.0112901390632246,7.236913219999406,277.8
XGBRegressor,Selected,13,PRUNED,0.4437379598301252,10.703854,0.080882223845851,8,10,0.7856463716102745,0.7886369489536518,1.986638473215051,8.773472263092467e-05,0.0010249855008345407,"[{'model': 'XGBRegressor', 'feature_set': 'Selected', 'trial_number': 13, 'fold': 1, 'rmse': 0.45011503978276035, 'mae': 0.3144560851065144, 'r2': 0.6606352422489188, 'fit_time_seconds': 5.8471939000010025, 'best_iteration': 389, 'best_n_estimators': 390}, {'model': 'XGBRegressor', 'feature_set': 'Selected', 'trial_number': 13, 'fold': 2, 'rmse': 0.43736087987749006, 'mae': 0.3075569742432038, 'r2': 0.6606477305364882, 'fit_time_seconds': 4.600766299998213, 'best_iteration': 295, 'best_n_estimators': 296}]",,,,,
XGBRegressor,Selected,14,PRUNED,0.43960658347020637,16.823149,0.08456858969941233,9,4,0.7376329499992832,0.8919339318126805,1.6441152173926232,0.00014422243561457965,0.009248622715498662,"[{'model': 'XGBRegressor', 'feature_set': 'Selected', 'trial_number': 14, 'fold': 1, 'rmse': 0.446884729957719, 'mae': 0.30949021884053185, 'r2': 0.6654887552916171, 'fit_time_seconds': 7.747241199998825, 'best_iteration': 472, 'best_n_estimators': 473}, {'model': 'XGBRegressor', 'feature_set': 'Selected', 'trial_number': 14, 'fold': 2, 'rmse': 0.43232843698269374, 'mae': 0.30068365593142016, 'r2': 0.6684122374237709, 'fit_time_seconds': 8.87350040000456, 'best_iteration': 570, 'best_n_estimators': 571}]",,,,,
XGBRegressor,Selected,15,COMPLETE,0.413384872754177,118.382437,0.04276638741937975,6,9,0.8518161515540476,0.8379089940277823,0.07349328983699548,0.0016447293604905204,0.017310377263851612,"[{'model': 'XGBRegressor', 'feature_set': 'Selected', 'trial_number': 15, 'fold': 1, 'rmse': 0.41233843097646067, 'mae': 0.27639586516026027, 'r2': 0.715208305792298, 'fit_time_seconds': 22.71991149999667, 'best_iteration': 1375, 'best_n_estimators': 1376}, {'model': 'XGBRegressor', 'feature_set': 'Selected', 'trial_number': 15, 'fold': 2, 'rmse': 0.3993822199986278, 'mae': 0.26908272443465603, 'r2': 0.717024821737801, 'fit_time_seconds': 20.948698899999727, 'best_iteration': 1196, 'best_n_estimators': 1197}, {'model': 'XGBRegressor', 'feature_set': 'Selected', 'trial_number': 15, 'fold': 3, 'rmse': 0.418548419146186, 'mae': 0.2746653823586413, 'r2': 0.6899147090652811, 'fit_time_seconds': 24.630302700003085, 'best_iteration': 1461, 'best_n_estimators': 1462}, {'model': 'XGBRegressor', 'feature_set': 'Selected', 'trial_number': 15, 'fold': 4, 'rmse': 0.42490895066260076, 'mae': 0.27328213959996805, 'r2': 0.6970909931150457, 'fit_time_seconds': 28.32930320000014, 'best_iteration': 1967, 'best_n_estimators': 1968}, {'model': 'XGBRegressor', 'feature_set': 'Selected', 'trial_number': 15, 'fold': 5, 'rmse': 0.4117463429870102, 'mae': 0.27304109689804146, 'r2': 0.7021810585210848, 'fit_time_seconds': 20.40675559999363, 'best_iteration': 1238, 'best_n_estimators': 1239}]",0.27329344169031344,0.7042839776463021,0.009477878024199062,23.40699437999865,1447.4
XGBRegressor,Selected,16,PRUNED,0.45678599497656935,14.20918,0.04142375124044776,5,13,0.8644889304294417,0.9980912754488143,2.912554411220168,0.010715845537224876,0.020490292808031694,"[{'model': 'XGBRegressor', 'feature_set': 'Selected', 'trial_number': 16, 'fold': 1, 'rmse': 0.462653625170094, 'mae': 0.3268010872769837, 'r2': 0.6414649402115398, 'fit_time_seconds': 6.221966500001145, 'best_iteration': 417, 'best_n_estimators': 418}, {'model': 'XGBRegressor', 'feature_set': 'Selected', 'trial_number': 16, 'fold': 2, 'rmse': 0.45091836478304465, 'mae': 0.320397855553106, 'r2': 0.6392828960379161, 'fit_time_seconds': 7.808769100003701, 'best_iteration': 622, 'best_n_estimators': 623}]",,,,,
XGBRegressor,Selected,17,PRUNED,0.4344174499368932,29.733328,0.032788219959557025,6,5,0.6732132011401761,0.8131805164203727,1.0158746401410932,1.2645427938537928,0.379378974690296,"[{'model': 'XGBRegressor', 'feature_set': 'Selected', 'trial_number': 17, 'fold': 1, 'rmse': 0.44080031348315035, 'mae': 0.3068702289612561, 'r2': 0.6745356081590488, 'fit_time_seconds': 11.19274420000147, 'best_iteration': 754, 'best_n_estimators': 755}, {'model': 'XGBRegressor', 'feature_set': 'Selected', 'trial_number': 17, 'fold': 2, 'rmse': 0.428034586390636, 'mae': 0.29937540546297203, 'r2': 0.6749661335595785, 'fit_time_seconds': 18.25060609999491, 'best_iteration': 1633, 'best_n_estimators': 1634}]",,,,,
XGBRegressor,Selected,18,PRUNED,0.4415371726582622,16.244513,0.06050193016228645,6,8,0.7836886830643457,0.7590989821580111,1.5912373670837496,0.03173679115668289,0.012721450336458126,"[{'model': 'XGBRegressor', 'feature_set': 'Selected', 'trial_number': 18, 'fold': 1, 'rmse': 0.44677770481247875, 'mae': 0.31206782085216356, 'r2': 0.665648961381091, 'fit_time_seconds': 7.400837499997579, 'best_iteration': 487, 'best_n_estimators': 488}, {'model': 'XGBRegressor', 'feature_set': 'Selected', 'trial_number': 18, 'fold': 2, 'rmse': 0.4362966405040456, 'mae': 0.30563537316444445, 'r2': 0.6622972271595917, 'fit_time_seconds': 8.601968100003432, 'best_iteration': 648, 'best_n_estimators': 649}]",,,,,
XGBRegressor,Selected,19,COMPLETE,0.4092688520810565,165.789009,0.018103950419565393,7,3,0.7730982444721965,0.847910950256661,0.1010314624038641,0.0023061715793567497,0.09587856471308707,"[{'model': 'XGBRegressor', 'feature_set': 'Selected', 'trial_number': 19, 'fold': 1, 'rmse': 0.4075601864794406, 'mae': 0.270818629016928, 'r2': 0.721770486920568, 'fit_time_seconds': 32.66782080000121, 'best_iteration': 1993, 'best_n_estimators': 1994}, {'model': 'XGBRegressor', 'feature_set': 'Selected', 'trial_number': 19, 'fold': 2, 'rmse': 0.40037729448766224, 'mae': 0.2657490261697349, 'r2': 0.7156129803906812, 'fit_time_seconds': 30.925432800002454, 'best_iteration': 1999, 'best_n_estimators': 2000}, {'model': 'XGBRegressor', 'feature_set': 'Selected', 'trial_number': 19, 'fold': 3, 'rmse': 0.4114408936415083, 'mae': 0.26961401136799196, 'r2': 0.7003566367437746, 'fit_time_seconds': 33.76062110000203, 'best_iteration': 1997, 'best_n_estimators': 1998}, {'model': 'XGBRegressor', 'feature_set': 'Selected', 'trial_number': 19, 'fold': 4, 'rmse': 0.422112746149047, 'mae': 0.2727868874639467, 'r2': 0.7010645908141313, 'fit_time_seconds': 32.82021600000007, 'best_iteration': 1996, 'best_n_estimators': 1997}, {'model': 'XGBRegressor', 'feature_set': 'Selected', 'trial_number': 19, 'fold': 5, 'rmse': 0.40485313964762454, 'mae': 0.2675282286532413, 'r2': 0.712069389731502, 'fit_time_seconds': 33.87710449999577, 'best_iteration': 1795, 'best_n_estimators': 1796}]",0.26929935653436854,0.7101748169201315,0.00823348696239402,32.810239040000305,1956.0
XGBRegressor,Selected,20,PRUNED,0.4493958232640217,32.550683,0.018560065474123446,7,9,0.6743387303216586,0.9433652849644488,2.455635700877172,0.2528678332155119,1.583052834356276,"[{'model': 'XGBRegressor', 'feature_set': 'Selected', 'trial_number': 20, 'fold': 1, 'rmse': 0.45442788970876385, 'mae': 0.31979679136203887, 'r2': 0.6541007293335307, 'fit_time_seconds': 17.814422100003867, 'best_iteration': 1337, 'best_n_estimators': 1338}, {'model': 'XGBRegressor', 'feature_set': 'Selected', 'trial_number': 20, 'fold': 2, 'rmse': 0.4443637568192796, 'mae': 0.31430706871096226, 'r2': 0.6496935382705776, 'fit_time_seconds': 14.444947599993611, 'best_iteration': 1088, 'best_n_estimators': 1089}]",,,,,
XGBRegressor,Selected,21,COMPLETE,0.41396973853018315,142.50763,0.03411539187479733,5,3,0.7632648351136759,0.8504623921160616,0.008794853350130152,0.0012266617530557358,0.06830985408955408,"[{'model': 'XGBRegressor', 'feature_set': 'Selected', 'trial_number': 21, 'fold': 1, 'rmse': 0.41218050073961354, 'mae': 0.27712558043280744, 'r2': 0.7154264208305805, 'fit_time_seconds': 29.125355299998773, 'best_iteration': 1999, 'best_n_estimators': 2000}, {'model': 'XGBRegressor', 'feature_set': 'Selected', 'trial_number': 21, 'fold': 2, 'rmse': 0.4040652264616116, 'mae': 0.2723083071982121, 'r2': 0.7103497932934009, 'fit_time_seconds': 24.50167820000206, 'best_iteration': 1998, 'best_n_estimators': 1999}, {'model': 'XGBRegressor', 'feature_set': 'Selected', 'trial_number': 21, 'fold': 3, 'rmse': 0.4180716399391052, 'mae': 0.276010871036104, 'r2': 0.6906207588647979, 'fit_time_seconds': 27.06419370000367, 'best_iteration': 1909, 'best_n_estimators': 1910}, {'model': 'XGBRegressor', 'feature_set': 'Selected', 'trial_number': 21, 'fold': 4, 'rmse': 0.42863499440854147, 'mae': 0.2779647907539862, 'r2': 0.6917552579777652, 'fit_time_seconds': 32.504460299998755, 'best_iteration': 1974, 'best_n_estimators': 1975}, {'model': 'XGBRegressor', 'feature_set': 'Selected', 'trial_number': 21, 'fold': 5, 'rmse': 0.40689633110204393, 'mae': 0.2713316041603177, 'r2': 0.709155830227348, 'fit_time_seconds': 27.923457700002473, 'best_iteration': 1968, 'best_n_estimators': 1969}]",0.2749482307162855,0.7034616122387785,0.009788119699134982,28.223829040001146,1969.6
XGBRegressor,Selected,22,PRUNED,0.417452117420415,51.097674,0.01660535116065824,5,3,0.7580346315599621,0.8649359648214634,0.03444884087603896,0.0006528914617918301,0.10158757085386853,"[{'model': 'XGBRegressor', 'feature_set': 'Selected', 'trial_number': 22, 'fold': 1, 'rmse': 0.42167271886517094, 'mae': 0.28776389641931255, 'r2': 0.7021684514829992, 'fit_time_seconds': 27.016537399998924, 'best_iteration': 1997, 'best_n_estimators': 1998}, {'model': 'XGBRegressor', 'feature_set': 'Selected', 'trial_number': 22, 'fold': 2, 'rmse': 0.41323151597565905, 'mae': 0.2834223951235088, 'r2': 0.6970592043298169, 'fit_time_seconds': 23.632639099996595, 'best_iteration': 1999, 'best_n_estimators': 2000}]",,,,,
XGBRegressor,Selected,23,PRUNED,0.4250614236312971,41.72976,0.028695857600446798,5,5,0.6890063934813311,0.7787094917665793,0.6804436721280278,3.4761658643264604e-05,0.3233704304670332,"[{'model': 'XGBRegressor', 'feature_set': 'Selected', 'trial_number': 23, 'fold': 1, 'rmse': 0.43059394685263147, 'mae': 0.29804958983758484, 'r2': 0.6894328391234292, 'fit_time_seconds': 16.302833900001133, 'best_iteration': 1499, 'best_n_estimators': 1500}, {'model': 'XGBRegressor', 'feature_set': 'Selected', 'trial_number': 23, 'fold': 2, 'rmse': 0.41952890040996277, 'mae': 0.2916483795825483, 'r2': 0.687755601357619, 'fit_time_seconds': 25.11446760000399, 'best_iteration': 1750, 'best_n_estimators': 1751}]",,,,,
XGBRegressor,Selected,24,PRUNED,0.4365315293093598,21.415456,0.06084097672861616,6,2,0.8485161614734076,0.8279128683385288,1.1833648170300952,0.00581796628634368,0.05458341975644632,"[{'model': 'XGBRegressor', 'feature_set': 'Selected', 'trial_number': 24, 'fold': 1, 'rmse': 0.4406407713873769, 'mae': 0.3057848501015236, 'r2': 0.6747711609603444, 'fit_time_seconds': 9.806963999995787, 'best_iteration': 675, 'best_n_estimators': 676}, {'model': 'XGBRegressor', 'feature_set': 'Selected', 'trial_number': 24, 'fold': 2, 'rmse': 0.43242228723134274, 'mae': 0.30104980972872386, 'r2': 0.6682682590543684, 'fit_time_seconds': 11.385181199999352, 'best_iteration': 1007, 'best_n_estimators': 1008}]",,,,,
XGBRegressor,Selected,25,PRUNED,0.4295554400376612,56.782014,0.025141484838673817,4,5,0.765836702637975,0.9259308962023541,0.5365790663871408,0.0004657719976218505,0.19400439503480602,"[{'model': 'XGBRegressor', 'feature_set': 'Selected', 'trial_number': 25, 'fold': 1, 'rmse': 0.4340692734252615, 'mae': 0.30021397217496637, 'r2': 0.6843994292326752, 'fit_time_seconds': 24.266683800000465, 'best_iteration': 1884, 'best_n_estimators': 1885}, {'model': 'XGBRegressor', 'feature_set': 'Selected', 'trial_number': 25, 'fold': 2, 'rmse': 0.4250416066500609, 'mae': 0.2949107059948454, 'r2': 0.679495761052983, 'fit_time_seconds': 32.05603119999432, 'best_iteration': 1996, 'best_n_estimators': 1997}]",,,,,
XGBRegressor,Selected,26,COMPLETE,0.4146393089619048,111.072481,0.03603183770457786,7,13,0.6347264216551218,0.877727965542832,0.060328162241110525,0.06927840785644504,0.02264101312442966,"[{'model': 'XGBRegressor', 'feature_set': 'Selected', 'trial_number': 26, 'fold': 1, 'rmse': 0.4083741913211213, 'mae': 0.27517462179701535, 'r2': 0.7206579820759451, 'fit_time_seconds': 27.787006200000178, 'best_iteration': 1772, 'best_n_estimators': 1773}, {'model': 'XGBRegressor', 'feature_set': 'Selected', 'trial_number': 26, 'fold': 2, 'rmse': 0.40102275275849725, 'mae': 0.2697911092372447, 'r2': 0.7146953064003961, 'fit_time_seconds': 22.335021300001245, 'best_iteration': 1271, 'best_n_estimators': 1272}, {'model': 'XGBRegressor', 'feature_set': 'Selected', 'trial_number': 26, 'fold': 3, 'rmse': 0.42180474870441337, 'mae': 0.28091523660559414, 'r2': 0.6850709788402984, 'fit_time_seconds': 14.660309299993969, 'best_iteration': 725, 'best_n_estimators': 726}, {'model': 'XGBRegressor', 'feature_set': 'Selected', 'trial_number': 26, 'fold': 4, 'rmse': 0.42811643294572765, 'mae': 0.27660314180297324, 'r2': 0.6925006341466977, 'fit_time_seconds': 23.607965900002455, 'best_iteration': 1365, 'best_n_estimators': 1366}, {'model': 'XGBRegressor', 'feature_set': 'Selected', 'trial_number': 26, 'fold': 5, 'rmse': 0.4138784190797644, 'mae': 0.2747635668850201, 'r2': 0.6990887826993692, 'fit_time_seconds': 21.363791999996465, 'best_iteration': 1214, 'best_n_estimators': 1215}]",0.27544953526556953,0.7024027368325413,0.010703009540370076,21.95081893999886,1269.4
XGBRegressor,Selected,27,PRUNED,0.4320003105201876,52.286433,0.017913053020969766,5,4,0.8806992213922005,0.7315212398628608,0.7579045862999849,3.7330168354077543e-07,1.2562681475733835,"[{'model': 'XGBRegressor', 'feature_set': 'Selected', 'trial_number': 27, 'fold': 1, 'rmse': 0.43740764837920637, 'mae': 0.3025642249150204, 'r2': 0.6795262689571571, 'fit_time_seconds': 28.700210700000753, 'best_iteration': 1619, 'best_n_estimators': 1620}, {'model': 'XGBRegressor', 'feature_set': 'Selected', 'trial_number': 27, 'fold': 2, 'rmse': 0.42659297266116886, 'mae': 0.29677001378722606, 'r2': 0.6771518644587317, 'fit_time_seconds': 23.146715900002164, 'best_iteration': 1749, 'best_n_estimators': 1750}]",,,,,
XGBRegressor,Selected,28,PRUNED,0.4317723680964941,32.798698,0.054397002053186705,3,7,0.7008300508534998,0.7983275130658685,0.4983805154229352,0.0011549294146146196,0.11955385770028283,"[{'model': 'XGBRegressor', 'feature_set': 'Selected', 'trial_number': 28, 'fold': 1, 'rmse': 0.4366923490325657, 'mae': 0.303982611453211, 'r2': 0.6805735630126348, 'fit_time_seconds': 14.837515300001542, 'best_iteration': 1358, 'best_n_estimators': 1359}, {'model': 'XGBRegressor', 'feature_set': 'Selected', 'trial_number': 28, 'fold': 2, 'rmse': 0.42685238716042245, 'mae': 0.2981279864383958, 'r2': 0.676759092154684, 'fit_time_seconds': 17.657531500000914, 'best_iteration': 1573, 'best_n_estimators': 1574}]",,,,,
XGBRegressor,Selected,29,PRUNED,0.42755720296942373,31.68946,0.029455923134432183,8,2,0.8366161654130546,0.6904260249531686,1.0101923212618698,4.3315045987338044e-05,0.7126990195634644,"[{'model': 'XGBRegressor', 'feature_set': 'Selected', 'trial_number': 29, 'fold': 1, 'rmse': 0.43383412118747905, 'mae': 0.29991621751653363, 'r2': 0.6847412828613337, 'fit_time_seconds': 16.650728400003572, 'best_iteration': 1273, 'best_n_estimators': 1274}, {'model': 'XGBRegressor', 'feature_set': 'Selected', 'trial_number': 29, 'fold': 2, 'rmse': 0.4212802847513684, 'mae': 0.2919594032617129, 'r2': 0.6851431404611598, 'fit_time_seconds': 14.707433700001275, 'best_iteration': 1158, 'best_n_estimators': 1159}]",,,,,
