neighbourhood,count,actual_mean,actual_median,predicted_mean,predicted_median,mae,median_ae,bias,mape,rmse,small_sample_flag
Bang Bon,1,14400.00000000001,14400.00000000001,2744.9646,2744.9646,11655.035400390634,11655.035400390634,11655.03540000001,0.8093774583604602,11655.03540000001,True
Taling Chan,14,7043.8571428571395,824.5,2448.4526385714285,986.70838,6008.238547188892,246.239990234375,4595.404504285711,0.9225768084412994,19799.714502071176,True
Bangkok Noi,33,7031.575757575761,910.0,1549.6857462424243,963.0079,5850.237489873717,206.44958496093773,5481.8900113333375,0.38418630252464814,30074.756424445855,False
Bang Khun thain,5,3337.000000000001,2220.0,2224.2756520000003,2648.6406,2546.8802124023446,1850.3154296875005,1112.7243480000006,0.933815889067743,3581.4093696412538,True
Bueng Kum,17,3565.764705882353,1075.0000000000002,1503.2603611764705,1074.5613,2159.6122544232535,258.3470458984377,2062.504344705882,0.2791197683536287,6980.888549966125,True
Chom Thong,10,3064.1000000000013,1556.5,1284.625432,1206.1457500000001,2008.894799804689,267.7080078125,1779.4745680000015,0.3632847647513132,4594.843527191714,True
Min Buri,12,2931.2500000000005,1346.0,1378.3066066666668,1061.0801000000001,1635.3666941324875,174.9888305664062,1552.9433933333341,0.29018345861234274,3449.9967367439294,True
Vadhana,769,3228.0572171651497,1829.9999999999995,2895.262034369311,1774.7683,1027.2044912668139,326.43823242187364,332.7951827958389,0.27801584699222,2906.7175494749167,False
Nong Chok,2,1607.0000000000002,1607.0000000000002,647.9233300000001,647.9233300000001,959.0766601562505,959.0766601562505,959.0766700000001,0.39773913779530085,1330.586357567417,True
Thawi Watthana,3,2065.6666666666674,1260.0000000000005,1137.1634466666667,692.4065,928.5032145182298,567.5935058593755,928.5032200000009,0.4181133959230831,1165.319929963221,True
Khan Na Yao,15,1457.666666666667,990.0000000000002,2137.8417406666667,1022.5885,926.2722452799478,479.9385375976562,-680.1750739999999,0.6231676537534457,1665.770836608409,True
Khlong Sam Wa,5,984.7999999999998,903.9999999999995,1672.4219,785.5389,922.2979980468751,414.4611206054688,-687.6219000000003,1.0043121499364285,1455.9623290006284,True
Parthum Wan,125,2976.112,2196.9999999999995,2641.7063448,1935.7251,879.9826079101564,392.1638183593751,334.40565519999984,0.25720436587117984,1751.0101370541315,False
Khlong Toei,626,2538.2412140575075,1587.5000000000005,2183.8763720127795,1535.7427,830.3380334628655,247.99664306640602,354.36484204472816,0.2389530926891467,6170.970680695973,False
Sai Mai,11,2461.1818181818185,2634.0000000000005,2245.9863372727273,2476.9207,819.2674754749646,700.896240234375,215.19548090909123,0.27463309070406594,1176.492923203641,True
Khlong San,97,2128.9896907216494,1086.0000000000002,1525.5451180412372,1085.8313,817.2197575519995,180.5989990234375,603.4445726804124,0.22817694025309126,3488.3816171520557,False
Yan na wa,37,1810.5945945945946,1264.0000000000002,2270.613953513514,1100.9185,803.6546350427577,250.3846435546874,-460.019358918919,0.3602190863333096,2230.71952000203,False
Samphanthawong,37,2294.6216216216217,1420.9999999999998,2281.107626486487,1660.3324,750.448510247308,431.9008789062491,13.513995135135184,0.3487500248546947,1152.1143150486193,False
Wang Thong Lang,18,1769.2777777777776,1340.9999999999998,1445.8386894444445,1076.7225,734.7461005316839,257.39187622070307,323.43908833333313,0.329051686737249,1416.6301145289399,True
Bang Khen,34,1590.6176470588234,885.0,1387.986173235294,922.70529,720.1724521412569,262.57614135742176,202.6314738235294,0.5692771907411164,1461.4947597752491,False
Bang Kapi,80,1764.9625,921.9999999999995,1480.826798375,975.47543,664.788750457764,155.8665771484379,284.135701625,0.3180578479352883,2166.081523980473,False
Phaya Thai,87,2026.4597701149426,1406.9999999999998,1751.5383480459768,1329.9171,634.6164722661861,243.90673828125037,274.9214220689656,0.2756856940480053,1736.029429437434,False
Suanluang,164,1848.75,1113.0,1724.0137375609756,1069.2377999999999,605.5752271326576,187.72650146484372,124.73626243902451,0.2626068170689441,1405.8782590784576,False
Bang Rak,155,2790.8129032258066,1716.999999999999,2717.0302266451613,1740.6086,597.8346415858113,358.70886230468795,73.78267658064514,0.2736888966923257,936.1326395479956,False
Bang Kho laen,41,1526.2195121951224,903.9999999999995,1541.6236709756097,960.93054,568.5566525342989,95.31457519531205,-15.404158780487386,0.2061256443628599,1580.0103967865655,False
Pom Prap Sattru Phai,29,2283.758620689655,1377.0000000000002,2049.3020520689656,1435.8615,554.6079701390762,260.1988525390627,234.4565686206894,0.22454266967527137,992.3014515302602,True
Lak Si,26,1066.4615384615386,958.0,1176.8774034615385,863.432725,523.356175349309,213.8314514160158,-110.41586500000003,0.3739479786110724,1063.3973070553984,True
Bangkok Yai,25,1596.12,1357.0000000000002,1814.8908468,1297.794,503.87976562500006,241.00128173828125,-218.77084679999996,0.4315680643245261,768.397925980505,True
Pra Wet,28,1427.392857142857,827.0,1369.7368189285714,1158.395,495.93491908482144,268.0585021972657,57.65603821428581,0.39387912847434725,750.8337372642959,True
Huai Khwang,610,1850.2704918032787,1399.999999999999,1689.2761660819672,1381.9632000000001,494.90963737612867,171.76196289062557,160.99432572131144,0.2062279709145164,2935.5837316129478,False
Ratchathewi,249,1918.3172690763051,1576.0000000000002,1912.6843130923696,1623.3922,493.81609286266155,282.5566406249998,5.632955983935656,0.26692824163855305,979.5331002810351,False
Phra Nakhon,158,1731.0886075949368,1148.0,1600.2768430379747,1209.83855,488.29761031911335,213.2465209960942,130.81176455696192,0.25705480607174075,913.1302106206718,False
Sathon,232,1812.323275862069,1114.0000000000002,1683.926312887931,1187.9492500000001,474.2981122773268,188.5296630859376,128.3969629741379,0.2685518844148469,1050.7001971197583,False
Din Daeng,108,1563.3240740740741,1014.9999999999999,1600.1151305555557,1135.2296999999999,461.83952953197337,233.00674438476585,-36.79105648148155,0.3626970275864735,786.2791512523662,False
Phra Khanong,181,1574.0331491712707,1148.0,1462.6550047513813,1036.678,445.7846704978311,184.20227050781227,111.37814441988944,0.2191137171089872,1711.7419981063956,False
Bang Phlat,50,1308.78,969.0000000000002,1331.2302716,876.30615,411.18905883789046,117.32931518554716,-22.450271600000047,0.22581811569826493,795.9679325777809,False
Chatu Chak,117,1567.6666666666667,1073.0000000000005,1612.5400315384616,1123.7496,411.01320576464,227.65576171875043,-44.87336487179485,0.3512034512632157,685.5592952355214,False
Thon buri,50,1168.06,898.5,1332.0429886000002,1099.2448,393.7516955566405,222.00347900390614,-163.98298860000003,0.31024483416061854,739.9055145920927,False
Bang Na,130,1235.0692307692307,897.9999999999998,1199.272300846154,858.06507,373.64574350210347,144.44192504882807,35.79692992307699,0.2503211923398265,887.6274680125953,False
Lat Krabang,44,1325.522727272727,1111.5,1371.2459854545455,1297.06705,333.2169009121981,211.2128906250001,-45.72325818181836,0.2867708283168022,489.5722144167618,False
Bang Khae,10,1318.9,914.5000000000001,1338.226697,754.088075,327.01117553710935,197.6328125000001,-19.326696999999967,0.2715416354970482,494.00849310872735,True
Don Mueang,30,968.3333333333334,752.4999999999998,1177.7632056666666,969.40832,320.4612925211587,227.76873779296852,-209.42987233333332,0.45446653379513674,448.82124175175164,False
Phasi Charoen,31,856.0645161290323,839.0,1052.5742183870968,882.1406,294.0112029044859,212.40740966796875,-196.50970225806455,0.42680202568542364,422.14824549697653,False
Bang Sue,90,1054.2111111111112,760.0000000000002,1008.7223571111111,792.027375,292.47571343315974,107.48654174804697,45.48875400000004,0.2184267768293065,1085.9971225879965,False
Lat Phrao,8,959.7500000000001,818.9999999999998,1024.83834,937.07475,271.428081512451,199.2404174804684,-65.08833999999997,0.27901736117014264,375.43391344910225,True
Dusit,14,1171.857142857143,1118.0,1113.8055021428572,1007.56668,241.03487723214272,152.53622436523455,58.0516407142856,0.21607138946275392,351.29590267564583,True
Rat Burana,13,1044.3846153846155,863.9999999999997,1062.6493838461538,848.7626,197.53932542067315,184.58337402343727,-18.26476846153851,0.2082838512935902,259.2367777398677,True
Saphan Sung,16,794.6249999999999,350.9999999999999,686.5728275,392.051555,190.09501266479487,58.81773376464844,108.05217249999988,0.1554650211349563,359.8403234983263,True
Nong Khaem,4,1415.5000000000005,580.9999999999998,1505.3250174999998,800.92532,170.5133972167966,148.17098999023443,-89.82501749999965,0.2934513013729683,193.26891563124315,True
Thung khru,4,915.25,780.0000000000002,1001.6660549999999,963.57788,157.16183471679676,70.74578857421864,-86.41605499999997,0.1947340771653705,246.3992597200532,True
